{"cameraMode":{"drawMode":0,"name":"Shaded","section":"Shading Mode"},"sceneLighting":false,"audioPlay":false,"sceneViewState":{"m_AlwaysRefresh":false,"showFog":true,"showSkybox":false,"showFlares":true,"showImageEffects":true,"showParticleSystems":true,"showVisualEffectGraphs":true,"m_FxEnabled":true},"in2DMode":false,"pivot":{"x":79.9000015258789,"y":21.09998893737793,"z":281.79998779296877},"rotation":{"x":0.3021537661552429,"y":-0.009175797924399376,"z":0.0029403616208583118,"w":0.9534004330635071},"size":6.364780426025391,"orthographic":false}