{"cameraMode":{"drawMode":0,"name":"Shaded","section":"Shading Mode"},"sceneLighting":false,"audioPlay":false,"sceneViewState":{"m_AlwaysRefresh":false,"showFog":true,"showSkybox":false,"showFlares":true,"showImageEffects":true,"showParticleSystems":true,"showVisualEffectGraphs":true,"m_FxEnabled":true},"in2DMode":false,"pivot":{"x":93.0999984741211,"y":21.999996185302736,"z":281.8999938964844},"rotation":{"x":0.3021537661552429,"y":-0.009175797924399376,"z":0.0029403616208583118,"w":0.9534004330635071},"size":5.458425045013428,"orthographic":false}