{"cameraMode":{"drawMode":0,"name":"Shaded","section":"Shading Mode"},"sceneLighting":false,"audioPlay":false,"sceneViewState":{"m_AlwaysRefresh":false,"showFog":true,"showSkybox":false,"showFlares":true,"showImageEffects":true,"showParticleSystems":true,"showVisualEffectGraphs":true,"m_FxEnabled":true},"in2DMode":false,"pivot":{"x":1.3669958114624024,"y":16.40393829345703,"z":-0.5194607973098755},"rotation":{"x":0.1951158493757248,"y":-0.04033873975276947,"z":0.008031031116843224,"w":0.9800974726676941},"size":18.563514709472658,"orthographic":false}